Workbook

Sheet 01_Tactic
A1: 플랫폼 공통 Tactic
A2: 정상 사용자와 범죄자가 공통으로 사용할 수 있는 게시 목적. 범죄 의미는 XR-C-확장 TTP에서 추가함
A4: tactic_id | B4: code | C4: 명칭 | D4: 정의 | E4: 적용범위 | F4: Technique매핑수
A5: XR-P-TA0001 | B5: self_expression_status_sharing | C5: 자기표현·상태공유 | D5: 자신의 생각, 취향, 현재 상태 또는 정체성을 플랫폼에 표현하고 기록한다. | E5: 정상·범죄 공통 | F5: =COUNTIF('04_TA_TE_매핑'!$B$5:$B$500,A5) -> 9
A6: XR-P-TA0002 | B6: emotion_sharing_empathy | C6: 정서공유·공감유도 | D6: 감정과 정서를 공유하여 타인의 공감, 위로 또는 정서적 반응을 유도한다. | E6: 정상·범죄 공통 | F6: =COUNTIF('04_TA_TE_매핑'!$B$5:$B$500,A6) -> 11
A7: XR-P-TA0003 | B7: information_experience_delivery | C7: 정보·경험전달 | D7: 사실, 분석, 지식 또는 직·간접 경험을 다른 사용자에게 전달한다. | E7: 정상·범죄 공통 | F7: =COUNTIF('04_TA_TE_매핑'!$B$5:$B$500,A7) -> 13
A8: XR-P-TA0004 | B8: conversation_discussion_participation | C8: 대화·토론참여 | D8: 기존 포스트나 사용자에게 반응하여 대화 또는 토론 흐름에 참여한다. | E8: 정상·범죄 공통 | F8: =COUNTIF('04_TA_TE_매핑'!$B$5:$B$500,A8) -> 9
A9: XR-P-TA0005 | B9: opinion_position_expression | C9: 의견·입장표명 | D9: 사건, 대상 또는 주장에 대한 판단과 태도를 공개적으로 표명한다. | E9: 정상·범죄 공통 | F9: =COUNTIF('04_TA_TE_매핑'!$B$5:$B$500,A9) -> 9
A10: XR-P-TA0006 | B10: content_diffusion_redistribution | C10: 콘텐츠확산·재유통 | D10: 기존 콘텐츠를 재게시, 인용 또는 재맥락화하여 추가 이용자에게 확산한다. | E10: 정상·범죄 공통 | F10: =COUNTIF('04_TA_TE_매핑'!$B$5:$B$500,A10) -> 6
A11: XR-P-TA0007 | B11: visibility_reach_expansion | C11: 가시성·도달확대 | D11: 특정 이용자 또는 관심 집단에 포스트가 도달할 가능성을 높인다. | E11: 정상·범죄 공통 | F11: =COUNTIF('04_TA_TE_매핑'!$B$5:$B$500,A11) -> 9
A12: XR-P-TA0008 | B12: relationship_community_formation | C12: 관계·공동체형성 | D12: 새로운 사용자 또는 집단과 친밀감, 소속감, 연결 관계를 형성한다. | E12: 정상·범죄 공통 | F12: =COUNTIF('04_TA_TE_매핑'!$B$5:$B$500,A12) -> 7
A13: XR-P-TA0009 | B13: relationship_community_maintenance | C13: 관계·공동체유지 | D13: 기존 관계와 공동체 안에서 상호작용을 반복하여 연결을 유지한다. | E13: 정상·범죄 공통 | F13: =COUNTIF('04_TA_TE_매핑'!$B$5:$B$500,A13) -> 8
A14: XR-P-TA0010 | B14: engagement_action_induction | C14: 참여·반응유도 | D14: 타인이 답글, 재게시, 문의, 참여 등 특정 반응이나 행동을 하도록 유도한다. | E14: 정상·범죄 공통 | F14: =COUNTIF('04_TA_TE_매핑'!$B$5:$B$500,A14) -> 6
A15: XR-P-TA0011 | B15: external_channel_connection | C15: 외부채널연결 | D15: 플랫폼 밖의 웹페이지, 서비스, 채널 또는 연락 수단으로 이용자를 연결한다. | E15: 정상·범죄 공통 | F15: =COUNTIF('04_TA_TE_매핑'!$B$5:$B$500,A15) -> 3
A16: XR-P-TA0012 | B16: platform_monetization | C16: 플랫폼수익화 | D16: 플랫폼 활동을 상품·서비스 홍보, 후원, 구독 등 경제적 가치 획득으로 연결한다. 위법성은 범죄자 확장 TTP에서 별도로 판단한다. | E16: 정상·범죄 공통 | F16: =COUNTIF('04_TA_TE_매핑'!$B$5:$B$500,A16) -> 6

Sheet 02_Technique
A1: 플랫폼 공통 Technique
A2: Tactic을 달성하기 위한 게시 방법. 하나의 Technique은 복수 Tactic에 연결될 수 있으며, 게시글 하나에 여러 Technique이 함께 선택됨
A4: technique_id | B4: code | C4: 명칭 | D4: 정의 | E4: 방법분류 | F4: 주요 파라미터 | G4: Tactic매핑수 | H4: Procedure매핑수
A5: XR-P-TE0001 | B5: text_only_post | C5: 텍스트 중심 게시 | D5: 텍스트를 핵심 표현 수단으로 사용하여 포스트를 구성한다. | E5: 형식 | F5: text_length, language | G5: =COUNTIF('04_TA_TE_매핑'!$C$5:$C$500,A5) -> 4 | H5: =COUNTIF('05_TE_PR_매핑'!$B$5:$B$500,A5) -> 1
A6: XR-P-TE0002 | B6: media_attached_post | C6: 미디어 결합 게시 | D6: 본문 텍스트에 이미지 또는 영상을 첨부하여 포스트를 구성한다. | E6: 형식 | F6: media_type, media_count | G6: =COUNTIF('04_TA_TE_매핑'!$C$5:$C$500,A6) -> 6 | H6: =COUNTIF('05_TE_PR_매핑'!$B$5:$B$500,A6) -> 3
A7: XR-P-TE0003 | B7: media_emphasis_post | C7: 미디어 강조 게시 | D7: 텍스트를 최소화하고 이미지 또는 영상을 포스트의 중심 요소로 제시한다. | E7: 형식 | F7: media_type, text_ratio | G7: =COUNTIF('04_TA_TE_매핑'!$C$5:$C$500,A7) -> 5 | H7: =COUNTIF('05_TE_PR_매핑'!$B$5:$B$500,A7) -> 3
A8: XR-P-TE0004 | B8: external_link_attachment | C8: 외부링크 첨부 게시 | D8: 기사, 영상, 웹페이지 등 외부 URL을 포스트에 첨부한다. | E8: 형식 | F8: url, preview_enabled | G8: =COUNTIF('04_TA_TE_매핑'!$C$5:$C$500,A8) -> 3 | H8: =COUNTIF('05_TE_PR_매핑'!$B$5:$B$500,A8) -> 2
A9: XR-P-TE0005 | B9: thread_composition | C9: 스레드 구성 | D9: 연속된 포스트를 상호 연결하여 하나의 순차적 내용으로 구성한다. | E9: 구조 | F9: thread_length, interval | G9: =COUNTIF('04_TA_TE_매핑'!$C$5:$C$500,A9) -> 2 | H9: =COUNTIF('05_TE_PR_매핑'!$B$5:$B$500,A9) -> 2
A10: XR-P-TE0006 | B10: realtime_status_post | C10: 실시간 상태 게시 | D10: 특정 사건이 진행되는 시점에 현재 상태나 상황을 게시한다. | E10: 시간 | F10: trigger_event, delay | G10: =COUNTIF('04_TA_TE_매핑'!$C$5:$C$500,A10) -> 2 | H10: =COUNTIF('05_TE_PR_매핑'!$B$5:$B$500,A10) -> 3
A11: XR-P-TE0007 | B11: realtime_continuous_post | C11: 실시간 연속 게시 | D11: 사건 변화에 따라 복수의 실시간 포스트를 연속적으로 게시한다. | E11: 시간 | F11: trigger_event, max_events, interval | G11: =COUNTIF('04_TA_TE_매핑'!$C$5:$C$500,A11) -> 2 | H11: =COUNTIF('05_TE_PR_매핑'!$B$5:$B$500,A11) -> 3
A12: XR-P-TE0008 | B12: emotional_reaction_post | C12: 감정 반응 게시 | D12: 감정 표현, 감탄사 또는 반복 표현을 사용하여 반응을 게시한다. | E12: 표현 | F12: emotion, intensity | G12: =COUNTIF('04_TA_TE_매핑'!$C$5:$C$500,A12) -> 3 | H12: =COUNTIF('05_TE_PR_매핑'!$B$5:$B$500,A12) -> 2
A13: XR-P-TE0009 | B13: short_immediate_reaction | C13: 단문 즉시 반응 | D13: 짧은 문장이나 이모지 중심으로 즉각적인 반응을 게시한다. | E13: 표현 | F13: max_length, emoji_count | G13: =COUNTIF('04_TA_TE_매핑'!$C$5:$C$500,A13) -> 3 | H13: =COUNTIF('05_TE_PR_매핑'!$B$5:$B$500,A13) -> 2
A14: XR-P-TE0010 | B14: meme_contextualization | C14: 밈 활용 게시 | D14: 밈, 이미지 또는 짧은 영상을 현재 맥락에 맞게 활용한다. | E14: 표현 | F14: meme_asset_id, caption | G14: =COUNTIF('04_TA_TE_매핑'!$C$5:$C$500,A14) -> 2 | H14: =COUNTIF('05_TE_PR_매핑'!$B$5:$B$500,A14) -> 3
A15: XR-P-TE0011 | B15: reply_participation | C15: 답글 참여 | D15: 기존 포스트를 대상으로 답글을 작성하여 대화에 참여한다. | E15: 상호작용 | F15: parent_post_id | G15: =COUNTIF('04_TA_TE_매핑'!$C$5:$C$500,A15) -> 6 | H15: =COUNTIF('05_TE_PR_매핑'!$B$5:$B$500,A15) -> 3
A16: XR-P-TE0012 | B16: user_mention | C16: 사용자 언급 | D16: 포스트 본문에 특정 사용자 계정 식별자를 포함한다. | E16: 상호작용 | F16: mentioned_account_ids | G16: =COUNTIF('04_TA_TE_매핑'!$C$5:$C$500,A16) -> 5 | H16: =COUNTIF('05_TE_PR_매핑'!$B$5:$B$500,A16) -> 1
... A33: XR-P-TE0029 | B33: delete_modify_republish | C33: 삭제·수정·재발행 | D33: 기존 포스트를 삭제하고 내용 일부를 수정한 뒤 새로운 포스트로 다시 발행한다. | E33: 내용관리 | F33: source_post_id, modification_scope | G33: =COUNTIF('04_TA_TE_매핑'!$C$5:$C$500,A33) -> 1 | H33: =COUNTIF('05_TE_PR_매핑'!$B$5:$B$500,A33) -> 4

Sheet 03_Procedure
A1: 플랫폼 공통 원자 Procedure
A2: 코드가 직접 실행할 수 있는 단일 함수 또는 상태변경. 콘텐츠 의미와 발생 시각은 각각 콘텐츠 의도와 스케줄 정책에서 전달받음
A4: procedure_id | B4: code | C4: 명칭 | D4: 정의 | E4: 실행단계 | F4: executor | G4: parameter_schema | H4: 선행조건 | I4: 실행효과 | J4: 멱등성 | K4: event_type | L4: Technique매핑수
A5: XR-P-PR0001 | B5: create_original_draft | C5: 원문 포스트 초안 생성 | D5: 새로운 원문 포스트를 작성하기 위한 빈 초안을 생성한다. | E5: 초안생성 | F5: PostExecutor.create_original_draft | G5: {"account_id":"string","scheduled_at":"datetime|null"} | H5: 활성 계정 존재 | I5: original 유형의 draft_post 생성 | J5: request_id 기준 멱등 | K5: POST_DRAFT_CREATED | L5: =COUNTIF('05_TE_PR_매핑'!$C$5:$C$500,A5) -> 2
A6: XR-P-PR0002 | B6: create_reply_draft | C6: 답글 초안 생성 | D6: 기존 포스트를 대상으로 답글 초안을 생성한다. | E6: 초안생성 | F6: PostExecutor.create_reply_draft | G6: {"account_id":"string","parent_post_id":"string"} | H6: 대상 포스트 존재 | I6: reply 유형의 draft_post 생성 | J6: request_id 기준 멱등 | K6: REPLY_DRAFT_CREATED | L6: =COUNTIF('05_TE_PR_매핑'!$C$5:$C$500,A6) -> 1
A7: XR-P-PR0003 | B7: create_quote_draft | C7: 인용 포스트 초안 생성 | D7: 기존 포스트를 인용하는 포스트 초안을 생성한다. | E7: 초안생성 | F7: PostExecutor.create_quote_draft | G7: {"account_id":"string","source_post_id":"string"} | H7: 원본 포스트 존재 | I7: quote 유형의 draft_post 생성 | J7: request_id 기준 멱등 | K7: QUOTE_DRAFT_CREATED | L7: =COUNTIF('05_TE_PR_매핑'!$C$5:$C$500,A7) -> 3
A8: XR-P-PR0004 | B8: execute_repost | C8: 재게시 실행 | D8: 기존 포스트를 수정하지 않고 계정의 재게시로 등록한다. | E8: 즉시실행 | F8: PostExecutor.execute_repost | G8: {"account_id":"string","source_post_id":"string"} | H8: 원본 포스트 존재; 중복 정책 충족 | I8: repost 포스트 생성 | J8: account_id+source_post_id 기준 멱등 | K8: POST_REPOSTED | L8: =COUNTIF('05_TE_PR_매핑'!$C$5:$C$500,A8) -> 2
A9: XR-P-PR0005 | B9: append_thread_draft | C9: 스레드 초안 추가 | D9: 스레드의 마지막 포스트에 연결되는 후속 초안을 생성한다. | E9: 초안생성 | F9: PostExecutor.append_thread_draft | G9: {"account_id":"string","thread_parent_id":"string","sequence_no":"integer"} | H9: 스레드 부모 포스트 존재 | I9: thread reply draft 생성 | J9: sequence_no 기준 멱등 | K9: THREAD_DRAFT_APPENDED | L9: =COUNTIF('05_TE_PR_매핑'!$C$5:$C$500,A9) -> 1
A10: XR-P-PR0006 | B10: set_body_text | C10: 본문 텍스트 설정 | D10: 포스트 초안의 본문 텍스트를 설정하거나 교체한다. | E10: 초안편집 | F10: PostExecutor.set_body_text | G10: {"draft_id":"string","text":"string","language":"string"} | H10: 초안 존재; 글자 수 제한 충족 | I10: draft body_text 갱신 | J10: 동일 입력 멱등 | K10: POST_TEXT_SET | L10: =COUNTIF('05_TE_PR_매핑'!$C$5:$C$500,A10) -> 21
A11: XR-P-PR0007 | B11: attach_image | C11: 이미지 첨부 | D11: 하나 이상의 이미지 자산을 포스트 초안에 첨부한다. | E11: 초안편집 | F11: PostExecutor.attach_image | G11: {"draft_id":"string","media_ids":"array<string>"} | H11: 초안·이미지 자산 존재; 개수 제한 충족 | I11: draft media 목록 갱신 | J11: media_id 기준 멱등 | K11: IMAGE_ATTACHED | L11: =COUNTIF('05_TE_PR_매핑'!$C$5:$C$500,A11) -> 6
A12: XR-P-PR0008 | B12: attach_video | C12: 영상 첨부 | D12: 영상 자산을 포스트 초안에 첨부한다. | E12: 초안편집 | F12: PostExecutor.attach_video | G12: {"draft_id":"string","media_id":"string"} | H12: 초안·영상 자산 존재 | I12: draft media 목록 갱신 | J12: media_id 기준 멱등 | K12: VIDEO_ATTACHED | L12: =COUNTIF('05_TE_PR_매핑'!$C$5:$C$500,A12) -> 5
A13: XR-P-PR0009 | B13: attach_external_link | C13: 외부 링크 첨부 | D13: 외부 URL과 선택적 미리보기 정보를 포스트 초안에 첨부한다. | E13: 초안편집 | F13: PostExecutor.attach_external_link | G13: {"draft_id":"string","url":"string","preview_asset_id":"string|null"} | H13: 초안 존재; URL 형식 유효 | I13: draft link_url 갱신 | J13: 동일 URL 멱등 | K13: EXTERNAL_LINK_ATTACHED | L13: =COUNTIF('05_TE_PR_매핑'!$C$5:$C$500,A13) -> 3
A14: XR-P-PR0010 | B14: insert_hashtags | C14: 해시태그 삽입 | D14: 지정된 해시태그 배열을 포스트 초안의 본문 또는 태그 필드에 추가한다. | E14: 초안편집 | F14: PostExecutor.insert_hashtags | G14: {"draft_id":"string","hashtags":"array<string>"} | H14: 초안 존재; 태그 개수 제한 충족 | I14: draft hashtags 갱신 | J14: 태그 집합 기준 멱등 | K14: HASHTAGS_INSERTED | L14: =COUNTIF('05_TE_PR_매핑'!$C$5:$C$500,A14) -> 2
A15: XR-P-PR0011 | B15: insert_user_mentions | C15: 사용자 언급 삽입 | D15: 지정된 사용자 계정 식별자를 포스트 초안에 언급으로 추가한다. | E15: 초안편집 | F15: PostExecutor.insert_user_mentions | G15: {"draft_id":"string","account_ids":"array<string>"} | H15: 초안·대상 계정 존재 | I15: draft mentions 갱신 | J15: 계정 집합 기준 멱등 | K15: USER_MENTIONS_INSERTED | L15: =COUNTIF('05_TE_PR_매핑'!$C$5:$C$500,A15) -> 1
A16: XR-P-PR0012 | B16: insert_reaction_tokens | C16: 반응 표현 삽입 | D16: 이모지, 감탄사 또는 짧은 반응 표현을 포스트 초안에 삽입한다. | E16: 초안편집 | F16: PostExecutor.insert_reaction_tokens | G16: {"draft_id":"string","tokens":"array<string>","intensity":"number"} | H16: 초안 존재 | I16: draft body_text 갱신 | J16: 동일 입력 멱등 | K16: REACTION_TOKENS_INSERTED | L16: =COUNTIF('05_TE_PR_매핑'!$C$5:$C$500,A16) -> 2
... A22: XR-P-PR0018 | B22: insert_call_to_action | C22: 행동유도 문구 삽입 | D22: 답글, 재게시, 링크 이동, 행사 참여 또는 구매 안내를 위한 행동유도 문구를 초안에 삽입한다. | E22: 초안편집 | F22: PostExecutor.insert_call_to_action | G22: {"draft_id":"string","action_type":"string","template_id":"string"} | H22: 초안·허용 템플릿 존재 | I22: draft call_to_action 갱신 | J22: 동일 템플릿 멱등 | K22: CALL_TO_ACTION_INSERTED | L22: =COUNTIF('05_TE_PR_매핑'!$C$5:$C$500,A22) -> 4

Sheet 04_TA_TE_매핑
A1: Tactic–Technique 다대다 매핑
A2: Technique 선택 시 달성 가능한 Tactic 정의. 복합 Tactic은 새로운 Tactic ID를 만들지 않고 tactic_ids 배열로 표현함
A4: mapping_id | B4: tactic_id | C4: technique_id | D4: relation_type | E4: 매핑근거 | F4: mapping_key
A5: XR-P-MT0001 | B5: XR-P-TA0001 | C5: XR-P-TE0001 | D5: supports | E5: 해당 Technique이 Tactic 달성에 사용될 수 있음 | F5: =B5&"|"&C5 -> XR-P-TA0001|XR-P-TE0001
A6: XR-P-MT0002 | B6: XR-P-TA0001 | C6: XR-P-TE0002 | D6: supports | E6: 해당 Technique이 Tactic 달성에 사용될 수 있음 | F6: =B6&"|"&C6 -> XR-P-TA0001|XR-P-TE0002
A7: XR-P-MT0003 | B7: XR-P-TA0001 | C7: XR-P-TE0003 | D7: supports | E7: 해당 Technique이 Tactic 달성에 사용될 수 있음 | F7: =B7&"|"&C7 -> XR-P-TA0001|XR-P-TE0003
A8: XR-P-MT0004 | B8: XR-P-TA0001 | C8: XR-P-TE0005 | D8: supports | E8: 해당 Technique이 Tactic 달성에 사용될 수 있음 | F8: =B8&"|"&C8 -> XR-P-TA0001|XR-P-TE0005
A9: XR-P-MT0005 | B9: XR-P-TA0001 | C9: XR-P-TE0008 | D9: supports | E9: 해당 Technique이 Tactic 달성에 사용될 수 있음 | F9: =B9&"|"&C9 -> XR-P-TA0001|XR-P-TE0008
A10: XR-P-MT0006 | B10: XR-P-TA0001 | C10: XR-P-TE0009 | D10: supports | E10: 해당 Technique이 Tactic 달성에 사용될 수 있음 | F10: =B10&"|"&C10 -> XR-P-TA0001|XR-P-TE0009
A11: XR-P-MT0007 | B11: XR-P-TA0001 | C11: XR-P-TE0010 | D11: supports | E11: 해당 Technique이 Tactic 달성에 사용될 수 있음 | F11: =B11&"|"&C11 -> XR-P-TA0001|XR-P-TE0010
A12: XR-P-MT0008 | B12: XR-P-TA0001 | C12: XR-P-TE0015 | D12: supports | E12: 해당 Technique이 Tactic 달성에 사용될 수 있음 | F12: =B12&"|"&C12 -> XR-P-TA0001|XR-P-TE0015
A13: XR-P-MT0009 | B13: XR-P-TA0001 | C13: XR-P-TE0024 | D13: supports | E13: 해당 Technique이 Tactic 달성에 사용될 수 있음 | F13: =B13&"|"&C13 -> XR-P-TA0001|XR-P-TE0024
A14: XR-P-MT0010 | B14: XR-P-TA0002 | C14: XR-P-TE0001 | D14: supports | E14: 해당 Technique이 Tactic 달성에 사용될 수 있음 | F14: =B14&"|"&C14 -> XR-P-TA0002|XR-P-TE0001
A15: XR-P-MT0011 | B15: XR-P-TA0002 | C15: XR-P-TE0002 | D15: supports | E15: 해당 Technique이 Tactic 달성에 사용될 수 있음 | F15: =B15&"|"&C15 -> XR-P-TA0002|XR-P-TE0002
A16: XR-P-MT0012 | B16: XR-P-TA0002 | C16: XR-P-TE0003 | D16: supports | E16: 해당 Technique이 Tactic 달성에 사용될 수 있음 | F16: =B16&"|"&C16 -> XR-P-TA0002|XR-P-TE0003
... A100: XR-P-MT0096 | B100: XR-P-TA0012 | C100: XR-P-TE0028 | D100: supports | E100: 해당 Technique이 Tactic 달성에 사용될 수 있음 | F100: =B100&"|"&C100 -> XR-P-TA0012|XR-P-TE0028

Sheet 05_TE_PR_매핑
A1: Technique–Procedure 다대다 매핑
A2: core는 Technique 실현에 필수, alternative는 동일 목적의 선택지, optional은 설정과 확률에 따라 추가되는 Procedure
A4: mapping_id | B4: technique_id | C4: procedure_id | D4: relation_type | E4: order_hint | F4: 실행역할 | G4: mapping_key
A5: XR-P-MP0001 | B5: XR-P-TE0001 | C5: XR-P-PR0006 | D5: core | E5: 1 | F5: 본문 구성 | G5: =B5&"|"&C5&"|"&D5 -> XR-P-TE0001|XR-P-PR0006|core
A6: XR-P-MP0002 | B6: XR-P-TE0002 | C6: XR-P-PR0007 | D6: alternative | E6: 1 | F6: 이미지 첨부 | G6: =B6&"|"&C6&"|"&D6 -> XR-P-TE0002|XR-P-PR0007|alternative
A7: XR-P-MP0003 | B7: XR-P-TE0002 | C7: XR-P-PR0008 | D7: alternative | E7: 2 | F7: 영상 첨부 | G7: =B7&"|"&C7&"|"&D7 -> XR-P-TE0002|XR-P-PR0008|alternative
A8: XR-P-MP0004 | B8: XR-P-TE0002 | C8: XR-P-PR0006 | D8: optional | E8: 3 | F8: 설명 텍스트 | G8: =B8&"|"&C8&"|"&D8 -> XR-P-TE0002|XR-P-PR0006|optional
A9: XR-P-MP0005 | B9: XR-P-TE0003 | C9: XR-P-PR0007 | D9: alternative | E9: 1 | F9: 이미지 중심 | G9: =B9&"|"&C9&"|"&D9 -> XR-P-TE0003|XR-P-PR0007|alternative
A10: XR-P-MP0006 | B10: XR-P-TE0003 | C10: XR-P-PR0008 | D10: alternative | E10: 2 | F10: 영상 중심 | G10: =B10&"|"&C10&"|"&D10 -> XR-P-TE0003|XR-P-PR0008|alternative
A11: XR-P-MP0007 | B11: XR-P-TE0003 | C11: XR-P-PR0006 | D11: optional | E11: 3 | F11: 최소 텍스트 | G11: =B11&"|"&C11&"|"&D11 -> XR-P-TE0003|XR-P-PR0006|optional
A12: XR-P-MP0008 | B12: XR-P-TE0004 | C12: XR-P-PR0009 | D12: core | E12: 1 | F12: 외부 URL 첨부 | G12: =B12&"|"&C12&"|"&D12 -> XR-P-TE0004|XR-P-PR0009|core
A13: XR-P-MP0009 | B13: XR-P-TE0004 | C13: XR-P-PR0013 | D13: optional | E13: 2 | F13: 출처 연결 | G13: =B13&"|"&C13&"|"&D13 -> XR-P-TE0004|XR-P-PR0013|optional
A14: XR-P-MP0010 | B14: XR-P-TE0005 | C14: XR-P-PR0005 | D14: core | E14: 1 | F14: 후속 스레드 초안 생성 | G14: =B14&"|"&C14&"|"&D14 -> XR-P-TE0005|XR-P-PR0005|core
A15: XR-P-MP0011 | B15: XR-P-TE0005 | C15: XR-P-PR0006 | D15: core | E15: 2 | F15: 스레드 본문 설정 | G15: =B15&"|"&C15&"|"&D15 -> XR-P-TE0005|XR-P-PR0006|core
A16: XR-P-MP0012 | B16: XR-P-TE0006 | C16: XR-P-PR0001 | D16: core | E16: 1 | F16: 실시간 원문 초안 | G16: =B16&"|"&C16&"|"&D16 -> XR-P-TE0006|XR-P-PR0001|core
... A73: XR-P-MP0069 | B73: XR-P-TE0029 | C73: XR-P-PR0014 | D73: core | E73: 4 | F73: 새 포스트 발행 | G73: =B73&"|"&C73&"|"&D73 -> XR-P-TE0029|XR-P-PR0014|core

Sheet 06_콘텐츠의도
A1: 콘텐츠 의도 사전
A2: 콘텐츠 의도는 게시글이 무엇을 말하는지를 정의하며 TTP가 아님. 콘텐츠 생성기와 사전 생성 콘텐츠 풀의 분류키로 사용함
A4: content_intent_id | B4: code | C4: 명칭 | D4: 정의 | E4: 콘텐츠 슬롯 | F4: 연결 Tactic | G4: 권장 Technique
A5: XR-P-CI0001 | B5: daily_status | C5: 일상·상태공유 | D5: 현재 일상, 상태 또는 기분을 공유하는 콘텐츠 의도 | E5: 일상 주제, 시간, 장소, 감정 | F5: XR-P-TA0001; XR-P-TA0002 | G5: XR-P-TE0001; XR-P-TE0002
A6: XR-P-CI0002 | B6: personal_experience | C6: 개인경험전달 | D6: 자신이 직접 겪은 경험을 전달하는 콘텐츠 의도 | E6: 경험 사건, 시점, 평가 | F6: XR-P-TA0003 | G6: XR-P-TE0001; XR-P-TE0005
A7: XR-P-CI0003 | B7: third_party_experience | C7: 타인경험전달 | D7: 타인의 경험이나 사례를 정리해 전달하는 콘텐츠 의도 | E7: 출처, 경험 요약, 맥락 | F7: XR-P-TA0003 | G7: XR-P-TE0005; XR-P-TE0013
A8: XR-P-CI0004 | B8: information_analysis_summary | C8: 정보·분석정리 | D8: 정보나 분석 결과를 구조화하여 전달하는 콘텐츠 의도 | E8: 주제, 핵심 정보, 근거 | F8: XR-P-TA0003 | G8: XR-P-TE0001; XR-P-TE0005
A9: XR-P-CI0005 | B9: immediate_emotional_reaction | C9: 즉시감정반응 | D9: 사건이나 콘텐츠를 보고 느낀 즉각적 정서를 표현하는 콘텐츠 의도 | E9: 감정, 강도, 대상 | F9: XR-P-TA0002 | G9: XR-P-TE0008; XR-P-TE0009
A10: XR-P-CI0006 | B10: humor_joke_satire | C10: 유머·농담·풍자 | D10: 기존 맥락을 유머, 농담 또는 풍자로 재구성하는 콘텐츠 의도 | E10: 원본 맥락, 유머 방식 | F10: XR-P-TA0002; XR-P-TA0005 | G10: XR-P-TE0010; XR-P-TE0019
A11: XR-P-CI0007 | B11: article_material_summary | C11: 기사·자료요약 | D11: 기사나 외부 자료의 핵심 내용을 요약하여 공유하는 콘텐츠 의도 | E11: 출처 URL, 요약, 핵심 문장 | F11: XR-P-TA0003 | G11: XR-P-TE0004; XR-P-TE0018
A12: XR-P-CI0008 | B12: usage_experience_review | C12: 사용·경험후기 | D12: 제품, 서비스 또는 경험에 대한 후기를 공유하는 콘텐츠 의도 | E12: 대상, 사용기간, 평가 | F12: XR-P-TA0001; XR-P-TA0003 | G12: XR-P-TE0001; XR-P-TE0002
A13: XR-P-CI0009 | B13: status_change_update | C13: 상황갱신 | D13: 이전에 공유한 상황이나 과거 포스트의 최신 변화를 전달하는 콘텐츠 의도 | E13: 이전 상태, 변경 상태, 기준 시각 | F13: XR-P-TA0003 | G13: XR-P-TE0024
A14: XR-P-CI0010 | B14: correction_supplement | C14: 오류정정·내용보완 | D14: 기존 내용의 오류를 수정하거나 부족한 설명을 보완하는 콘텐츠 의도 | E14: 정정 대상, 변경 내용, 근거 | F14: XR-P-TA0003; XR-P-TA0004 | G14: XR-P-TE0018
A15: XR-P-CI0011 | B15: empathy_support_opinion | C15: 공감·지지의견 | D15: 특정 대상이나 주장에 공감 또는 지지를 표현하는 콘텐츠 의도 | E15: 대상, 지지 근거, 강도 | F15: XR-P-TA0002; XR-P-TA0005 | G15: XR-P-TE0016
... A27: XR-P-CI0023 | B27: product_service_promotion | C27: 상품·서비스홍보 | D27: 상품, 서비스, 후원 또는 구독 정보를 안내하는 콘텐츠 의도 | E27: 제공 항목, 가격, 문의·구매 경로 | F27: XR-P-TA0012 | G27: XR-P-TE0028

Sheet 07_보조정책
A1: 이산사건 스케줄·대상 선택 보조정책
A2: 언제 게시할지와 누구를 대상으로 할지는 포스트 TTP와 분리함. 스케줄 정책은 이산사건 생성, 대상 정책은 UserBehaviorController가 담당함
A4: policy_id | B4: policy_type | C4: code | D4: 명칭 | E4: 정의 | F4: 파라미터 | G4: 연결 Technique | H4: 담당컴포넌트
A5: XR-P-SP0001 | B5: schedule | C5: event_triggered_realtime | D5: 사건기반 실시간 실행 | E5: 외부 또는 내부 사건 발생 시 포스트 이벤트를 즉시 예약한다. | F5: trigger_event, delay_distribution | G5: XR-P-TE0006 | H5: UserBehaviorScheduler
A6: XR-P-SP0002 | B6: schedule | C6: event_triggered_continuous | D6: 사건기반 연속 실행 | E6: 연속되는 사건 변화마다 후속 포스트 이벤트를 생성한다. | F6: trigger_event, max_events, interarrival_distribution | G6: XR-P-TE0007 | H6: UserBehaviorScheduler
A7: XR-P-SP0003 | B7: schedule | C7: periodic_update | D7: 주기적 상태 갱신 | E7: 지정된 주기 또는 상태 변경 기준에 따라 갱신 포스트 이벤트를 생성한다. | F7: interval_distribution, change_threshold | G7: XR-P-TE0024 | H7: UserBehaviorScheduler
A8: XR-P-SP0004 | B8: schedule | C8: thread_followup | D8: 스레드 후속 실행 | E8: 기존 스레드 이후 후속 내용을 추가할 사건 시각을 생성한다. | F8: thread_id, delay_distribution, max_depth | G8: XR-P-TE0005 | H8: UserBehaviorScheduler
A9: XR-P-SP0005 | B9: schedule | C9: delete_modify_republish_trigger | D9: 삭제·수정·재발행 트리거 | E9: 오류 발견, 사용자 결정 또는 정책 사건 발생 시 삭제·수정·재발행 절차를 예약한다. | F9: trigger_type, delay_distribution, modification_scope | G9: XR-P-TE0029 | H9: UserBehaviorScheduler
A10: XR-U-AP0001 | B10: audience | C10: mutual_follow_targeting | D10: 친밀관계 대상 선택 | E10: 상호 팔로우 또는 친밀도 기준을 충족하는 사용자의 포스트를 상호작용 대상으로 선택한다. | F10: relationship_threshold, candidate_limit | G10: XR-P-TE0011; XR-P-TE0015 | H10: UserBehaviorController
A11: XR-U-AP0002 | B11: audience | C11: community_targeting | D11: 공동체 대상 선택 | E11: 관심사 또는 공동체 소속도가 높은 사용자와 포스트를 대상으로 선택한다. | F11: community_id, affinity_threshold | G11: XR-P-TE0012; XR-P-TE0014; XR-P-TE0022 | H11: UserBehaviorController
A12: XR-U-AP0003 | B12: audience | C12: explicit_user_targeting | D12: 명시적 사용자 대상 선택 | E12: 설정된 계정 또는 사건에 등장한 계정을 언급·답글·인용 대상으로 선택한다. | F12: target_account_ids, selection_rule | G12: XR-P-TE0011; XR-P-TE0012; XR-P-TE0015 | H12: UserBehaviorController

Sheet 08_코드Enum
A1: 코드 Enum 및 직렬화 키
A2: 영문 code는 함수·Enum에서 사용하고 XR-* ID는 저장·교환·로그의 불변 식별자로 사용
A4: enum_class | B4: id | C4: code | D4: enum_member | E4: JSON_key | F4: registry_path
A5: PlatformTactic | B5: XR-P-TA0001 | C5: self_expression_status_sharing | D5: SELF_EXPRESSION_STATUS_SHARING | E5: tactic_ids | F5: TTPRegistry.tactics
A6: PlatformTactic | B6: XR-P-TA0002 | C6: emotion_sharing_empathy | D6: EMOTION_SHARING_EMPATHY | E6: tactic_ids | F6: TTPRegistry.tactics
A7: PlatformTactic | B7: XR-P-TA0003 | C7: information_experience_delivery | D7: INFORMATION_EXPERIENCE_DELIVERY | E7: tactic_ids | F7: TTPRegistry.tactics
A8: PlatformTactic | B8: XR-P-TA0004 | C8: conversation_discussion_participation | D8: CONVERSATION_DISCUSSION_PARTICIPATION | E8: tactic_ids | F8: TTPRegistry.tactics
A9: PlatformTactic | B9: XR-P-TA0005 | C9: opinion_position_expression | D9: OPINION_POSITION_EXPRESSION | E9: tactic_ids | F9: TTPRegistry.tactics
A10: PlatformTactic | B10: XR-P-TA0006 | C10: content_diffusion_redistribution | D10: CONTENT_DIFFUSION_REDISTRIBUTION | E10: tactic_ids | F10: TTPRegistry.tactics
A11: PlatformTactic | B11: XR-P-TA0007 | C11: visibility_reach_expansion | D11: VISIBILITY_REACH_EXPANSION | E11: tactic_ids | F11: TTPRegistry.tactics
A12: PlatformTactic | B12: XR-P-TA0008 | C12: relationship_community_formation | D12: RELATIONSHIP_COMMUNITY_FORMATION | E12: tactic_ids | F12: TTPRegistry.tactics
A13: PlatformTactic | B13: XR-P-TA0009 | C13: relationship_community_maintenance | D13: RELATIONSHIP_COMMUNITY_MAINTENANCE | E13: tactic_ids | F13: TTPRegistry.tactics
A14: PlatformTactic | B14: XR-P-TA0010 | C14: engagement_action_induction | D14: ENGAGEMENT_ACTION_INDUCTION | E14: tactic_ids | F14: TTPRegistry.tactics
A15: PlatformTactic | B15: XR-P-TA0011 | C15: external_channel_connection | D15: EXTERNAL_CHANNEL_CONNECTION | E15: tactic_ids | F15: TTPRegistry.tactics
... A63: PlatformProcedure | B63: XR-P-PR0018 | C63: insert_call_to_action | D63: INSERT_CALL_TO_ACTION | E63: procedure_sequence | F63: TTPRegistry.procedures
